Workbook
Name ListShift: Master!$A$2:$A$3
Name ListModel: Master!$B$2:$B$5
Name ListStasiun: Master!$C$2:$C$4

Sheet Petunjuk
A1: Rework Log Template (Project 19, data simulasi)
A2: Isi hanya sel putih bergaris biru (Tanggal, Shift, Model, Stasiun Asal, Qty Diterima, Qty OK, Qty Scrap). Sel abu-abu adalah rumus dan terkunci.
A3: Batch, Sisa Awal, Sisa dihitung otomatis. Sisa Awal = Sisa terakhir model dan stasiun yang sama (saldo awal di sheet Master bila belum ada).
A4: Kolom Cek: ABNORMAL bila OK + Scrap melebihi Sisa Awal + Diterima; DUPLIKAT bila kunci tanggal, shift, model, stasiun sama; LENGKAPI bila ada isian wajib kosong.
A5: Dropdown dan validasi angka (bilangan bulat >= 0) memblokir ketikan langsung. Salin-tempel dapat melewati validasi, jadi kolom Cek tetap dipantau.
A6: Proteksi sheet berkata sandi 'rework' mencegah timpa tidak sengaja, bukan keamanan penuh. Admin: Review > Unprotect Sheet.
A7: Menambah kategori atau mengisi saldo awal bulan pertama: ubah sheet Master (admin). Proteksi struktur workbook diaktifkan manual lewat Review > Protect Workbook.

Sheet Log
A1: Tanggal | B1: Shift | C1: Model | D1: Stasiun Asal | E1: Batch | F1: Sisa Awal | G1: Qty Diterima | H1: Qty OK | I1: Qty Scrap | J1: Sisa | K1: Cek
E2: =IF(A2="","","B"&TEXT(COUNT($A$2:A2),"00000")) | F2: =IF(OR(C2="",D2=""),"",IFERROR(LOOKUP(2,1/(($C$1:C1=C2)*($D$1:D1=D2)*ISNUMBER($J$1:J1)),$J$1:J1),SUMIFS(Master!$G$2:$G$13,Master!$E$2:$E$13,C2,Master!$F$2:$F$13,D2))) | J2: =IF(OR(F2="",COUNT(G2:I2)<3),"",F2+G2-H2-I2) | K2: =IF(COUNTA(A2:D2,G2:I2)=0,"",IF(COUNTA(A2:D2,G2:I2)<7,"LENGKAPI",IF(H2+I2>N(F2)+G2,"ABNORMAL",IF(COUNTIFS($A$2:$A$2001,A2,$B$2:$B$2001,B2,$C$2:$C$2001,C2,$D$2:$D$2001,D2)>1,"DUPLIKAT","OK"))))
E3: =IF(A3="","","B"&TEXT(COUNT($A$2:A3),"00000")) | F3: =IF(OR(C3="",D3=""),"",IFERROR(LOOKUP(2,1/(($C$1:C2=C3)*($D$1:D2=D3)*ISNUMBER($J$1:J2)),$J$1:J2),SUMIFS(Master!$G$2:$G$13,Master!$E$2:$E$13,C3,Master!$F$2:$F$13,D3))) | J3: =IF(OR(F3="",COUNT(G3:I3)<3),"",F3+G3-H3-I3) | K3: =IF(COUNTA(A3:D3,G3:I3)=0,"",IF(COUNTA(A3:D3,G3:I3)<7,"LENGKAPI",IF(H3+I3>N(F3)+G3,"ABNORMAL",IF(COUNTIFS($A$2:$A$2001,A3,$B$2:$B$2001,B3,$C$2:$C$2001,C3,$D$2:$D$2001,D3)>1,"DUPLIKAT","OK"))))
E4: =IF(A4="","","B"&TEXT(COUNT($A$2:A4),"00000")) | F4: =IF(OR(C4="",D4=""),"",IFERROR(LOOKUP(2,1/(($C$1:C3=C4)*($D$1:D3=D4)*ISNUMBER($J$1:J3)),$J$1:J3),SUMIFS(Master!$G$2:$G$13,Master!$E$2:$E$13,C4,Master!$F$2:$F$13,D4))) | J4: =IF(OR(F4="",COUNT(G4:I4)<3),"",F4+G4-H4-I4) | K4: =IF(COUNTA(A4:D4,G4:I4)=0,"",IF(COUNTA(A4:D4,G4:I4)<7,"LENGKAPI",IF(H4+I4>N(F4)+G4,"ABNORMAL",IF(COUNTIFS($A$2:$A$2001,A4,$B$2:$B$2001,B4,$C$2:$C$2001,C4,$D$2:$D$2001,D4)>1,"DUPLIKAT","OK"))))
E5: =IF(A5="","","B"&TEXT(COUNT($A$2:A5),"00000")) | F5: =IF(OR(C5="",D5=""),"",IFERROR(LOOKUP(2,1/(($C$1:C4=C5)*($D$1:D4=D5)*ISNUMBER($J$1:J4)),$J$1:J4),SUMIFS(Master!$G$2:$G$13,Master!$E$2:$E$13,C5,Master!$F$2:$F$13,D5))) | J5: =IF(OR(F5="",COUNT(G5:I5)<3),"",F5+G5-H5-I5) | K5: =IF(COUNTA(A5:D5,G5:I5)=0,"",IF(COUNTA(A5:D5,G5:I5)<7,"LENGKAPI",IF(H5+I5>N(F5)+G5,"ABNORMAL",IF(COUNTIFS($A$2:$A$2001,A5,$B$2:$B$2001,B5,$C$2:$C$2001,C5,$D$2:$D$2001,D5)>1,"DUPLIKAT","OK"))))
E6: =IF(A6="","","B"&TEXT(COUNT($A$2:A6),"00000")) | F6: =IF(OR(C6="",D6=""),"",IFERROR(LOOKUP(2,1/(($C$1:C5=C6)*($D$1:D5=D6)*ISNUMBER($J$1:J5)),$J$1:J5),SUMIFS(Master!$G$2:$G$13,Master!$E$2:$E$13,C6,Master!$F$2:$F$13,D6))) | J6: =IF(OR(F6="",COUNT(G6:I6)<3),"",F6+G6-H6-I6) | K6: =IF(COUNTA(A6:D6,G6:I6)=0,"",IF(COUNTA(A6:D6,G6:I6)<7,"LENGKAPI",IF(H6+I6>N(F6)+G6,"ABNORMAL",IF(COUNTIFS($A$2:$A$2001,A6,$B$2:$B$2001,B6,$C$2:$C$2001,C6,$D$2:$D$2001,D6)>1,"DUPLIKAT","OK"))))
E7: =IF(A7="","","B"&TEXT(COUNT($A$2:A7),"00000")) | F7: =IF(OR(C7="",D7=""),"",IFERROR(LOOKUP(2,1/(($C$1:C6=C7)*($D$1:D6=D7)*ISNUMBER($J$1:J6)),$J$1:J6),SUMIFS(Master!$G$2:$G$13,Master!$E$2:$E$13,C7,Master!$F$2:$F$13,D7))) | J7: =IF(OR(F7="",COUNT(G7:I7)<3),"",F7+G7-H7-I7) | K7: =IF(COUNTA(A7:D7,G7:I7)=0,"",IF(COUNTA(A7:D7,G7:I7)<7,"LENGKAPI",IF(H7+I7>N(F7)+G7,"ABNORMAL",IF(COUNTIFS($A$2:$A$2001,A7,$B$2:$B$2001,B7,$C$2:$C$2001,C7,$D$2:$D$2001,D7)>1,"DUPLIKAT","OK"))))
E8: =IF(A8="","","B"&TEXT(COUNT($A$2:A8),"00000")) | F8: =IF(OR(C8="",D8=""),"",IFERROR(LOOKUP(2,1/(($C$1:C7=C8)*($D$1:D7=D8)*ISNUMBER($J$1:J7)),$J$1:J7),SUMIFS(Master!$G$2:$G$13,Master!$E$2:$E$13,C8,Master!$F$2:$F$13,D8))) | J8: =IF(OR(F8="",COUNT(G8:I8)<3),"",F8+G8-H8-I8) | K8: =IF(COUNTA(A8:D8,G8:I8)=0,"",IF(COUNTA(A8:D8,G8:I8)<7,"LENGKAPI",IF(H8+I8>N(F8)+G8,"ABNORMAL",IF(COUNTIFS($A$2:$A$2001,A8,$B$2:$B$2001,B8,$C$2:$C$2001,C8,$D$2:$D$2001,D8)>1,"DUPLIKAT","OK"))))
E9: =IF(A9="","","B"&TEXT(COUNT($A$2:A9),"00000")) | F9: =IF(OR(C9="",D9=""),"",IFERROR(LOOKUP(2,1/(($C$1:C8=C9)*($D$1:D8=D9)*ISNUMBER($J$1:J8)),$J$1:J8),SUMIFS(Master!$G$2:$G$13,Master!$E$2:$E$13,C9,Master!$F$2:$F$13,D9))) | J9: =IF(OR(F9="",COUNT(G9:I9)<3),"",F9+G9-H9-I9) | K9: =IF(COUNTA(A9:D9,G9:I9)=0,"",IF(COUNTA(A9:D9,G9:I9)<7,"LENGKAPI",IF(H9+I9>N(F9)+G9,"ABNORMAL",IF(COUNTIFS($A$2:$A$2001,A9,$B$2:$B$2001,B9,$C$2:$C$2001,C9,$D$2:$D$2001,D9)>1,"DUPLIKAT","OK"))))
E10: =IF(A10="","","B"&TEXT(COUNT($A$2:A10),"00000")) | F10: =IF(OR(C10="",D10=""),"",IFERROR(LOOKUP(2,1/(($C$1:C9=C10)*($D$1:D9=D10)*ISNUMBER($J$1:J9)),$J$1:J9),SUMIFS(Master!$G$2:$G$13,Master!$E$2:$E$13,C10,Master!$F$2:$F$13,D10))) | J10: =IF(OR(F10="",COUNT(G10:I10)<3),"",F10+G10-H10-I10) | K10: =IF(COUNTA(A10:D10,G10:I10)=0,"",IF(COUNTA(A10:D10,G10:I10)<7,"LENGKAPI",IF(H10+I10>N(F10)+G10,"ABNORMAL",IF(COUNTIFS($A$2:$A$2001,A10,$B$2:$B$2001,B10,$C$2:$C$2001,C10,$D$2:$D$2001,D10)>1,"DUPLIKAT","OK"))))
E11: =IF(A11="","","B"&TEXT(COUNT($A$2:A11),"00000")) | F11: =IF(OR(C11="",D11=""),"",IFERROR(LOOKUP(2,1/(($C$1:C10=C11)*($D$1:D10=D11)*ISNUMBER($J$1:J10)),$J$1:J10),SUMIFS(Master!$G$2:$G$13,Master!$E$2:$E$13,C11,Master!$F$2:$F$13,D11))) | J11: =IF(OR(F11="",COUNT(G11:I11)<3),"",F11+G11-H11-I11) | K11: =IF(COUNTA(A11:D11,G11:I11)=0,"",IF(COUNTA(A11:D11,G11:I11)<7,"LENGKAPI",IF(H11+I11>N(F11)+G11,"ABNORMAL",IF(COUNTIFS($A$2:$A$2001,A11,$B$2:$B$2001,B11,$C$2:$C$2001,C11,$D$2:$D$2001,D11)>1,"DUPLIKAT","OK"))))
E12: =IF(A12="","","B"&TEXT(COUNT($A$2:A12),"00000")) | F12: =IF(OR(C12="",D12=""),"",IFERROR(LOOKUP(2,1/(($C$1:C11=C12)*($D$1:D11=D12)*ISNUMBER($J$1:J11)),$J$1:J11),SUMIFS(Master!$G$2:$G$13,Master!$E$2:$E$13,C12,Master!$F$2:$F$13,D12))) | J12: =IF(OR(F12="",COUNT(G12:I12)<3),"",F12+G12-H12-I12) | K12: =IF(COUNTA(A12:D12,G12:I12)=0,"",IF(COUNTA(A12:D12,G12:I12)<7,"LENGKAPI",IF(H12+I12>N(F12)+G12,"ABNORMAL",IF(COUNTIFS($A$2:$A$2001,A12,$B$2:$B$2001,B12,$C$2:$C$2001,C12,$D$2:$D$2001,D12)>1,"DUPLIKAT","OK"))))
E13: =IF(A13="","","B"&TEXT(COUNT($A$2:A13),"00000")) | F13: =IF(OR(C13="",D13=""),"",IFERROR(LOOKUP(2,1/(($C$1:C12=C13)*($D$1:D12=D13)*ISNUMBER($J$1:J12)),$J$1:J12),SUMIFS(Master!$G$2:$G$13,Master!$E$2:$E$13,C13,Master!$F$2:$F$13,D13))) | J13: =IF(OR(F13="",COUNT(G13:I13)<3),"",F13+G13-H13-I13) | K13: =IF(COUNTA(A13:D13,G13:I13)=0,"",IF(COUNTA(A13:D13,G13:I13)<7,"LENGKAPI",IF(H13+I13>N(F13)+G13,"ABNORMAL",IF(COUNTIFS($A$2:$A$2001,A13,$B$2:$B$2001,B13,$C$2:$C$2001,C13,$D$2:$D$2001,D13)>1,"DUPLIKAT","OK"))))
... E2001: =IF(A2001="","","B"&TEXT(COUNT($A$2:A2001),"00000")) | F2001: =IF(OR(C2001="",D2001=""),"",IFERROR(LOOKUP(2,1/(($C$1:C2000=C2001)*($D$1:D2000=D2001)*ISNUMBER($J$1:J2000)),$J$1:J2000),SUMIFS(Master!$G$2:$G$13,Master!$E$2:$E$13,C2001,Master!$F$2:$F$13,D2001))) | J2001: =IF(OR(F2001="",COUNT(G2001:I2001)<3),"",F2001+G2001-H2001-I2001) | K2001: =IF(COUNTA(A2001:D2001,G2001:I2001)=0,"",IF(COUNTA(A2001:D2001,G2001:I2001)<7,"LENGKAPI",IF(H2001+I2001>N(F2001)+G2001,"ABNORMAL",IF(COUNTIFS($A$2:$A$2001,A2001,$B$2:$B$2001,B2001,$C$2:$C$2001,C2001,$D$2:$D$2001,D2001)>1,"DUPLIKAT","OK"))))

Sheet Master
A1: Shift | B1: Model | C1: Stasiun Asal | E1: Model | F1: Stasiun Asal | G1: Saldo awal
A2: Shift 1 | B2: PCB-A1 | C2: Stasiun SMT | E2: PCB-A1 | F2: Stasiun SMT | G2: 0
A3: Shift 2 | B3: PCB-A2 | C3: Stasiun AOI | E3: PCB-A1 | F3: Stasiun AOI | G3: 0
B4: PCB-B1 | C4: Stasiun ICT | E4: PCB-A1 | F4: Stasiun ICT | G4: 0
B5: PCB-B2 | E5: PCB-A2 | F5: Stasiun SMT | G5: 0
E6: PCB-A2 | F6: Stasiun AOI | G6: 0
E7: PCB-A2 | F7: Stasiun ICT | G7: 0
E8: PCB-B1 | F8: Stasiun SMT | G8: 0
E9: PCB-B1 | F9: Stasiun AOI | G9: 0
E10: PCB-B1 | F10: Stasiun ICT | G10: 0
E11: PCB-B2 | F11: Stasiun SMT | G11: 0
E12: PCB-B2 | F12: Stasiun AOI | G12: 0
E13: PCB-B2 | F13: Stasiun ICT | G13: 0

Sheet Rekap
A1: Bulan | B1: Model | C1: Jumlah entri | D1: Qty Diterima | E1: Qty OK | F1: Qty Scrap | G1: Entri bertanda (bukan OK)
A2: 2026-07 | B2: PCB-A1 | C2: =COUNTIFS(Log!$A$2:$A$2001,">="&DATE(2026,7,1),Log!$A$2:$A$2001,"<"&DATE(2026,8,1),Log!$C$2:$C$2001,$B2) | D2: =SUMIFS(Log!$G$2:$G$2001,Log!$A$2:$A$2001,">="&DATE(2026,7,1),Log!$A$2:$A$2001,"<"&DATE(2026,8,1),Log!$C$2:$C$2001,$B2) | E2: =SUMIFS(Log!$H$2:$H$2001,Log!$A$2:$A$2001,">="&DATE(2026,7,1),Log!$A$2:$A$2001,"<"&DATE(2026,8,1),Log!$C$2:$C$2001,$B2) | F2: =SUMIFS(Log!$I$2:$I$2001,Log!$A$2:$A$2001,">="&DATE(2026,7,1),Log!$A$2:$A$2001,"<"&DATE(2026,8,1),Log!$C$2:$C$2001,$B2) | G2: =COUNTIFS(Log!$A$2:$A$2001,">="&DATE(2026,7,1),Log!$A$2:$A$2001,"<"&DATE(2026,8,1),Log!$C$2:$C$2001,$B2,Log!$K$2:$K$2001,"<>OK",Log!$K$2:$K$2001,"<>")
A3: 2026-07 | B3: PCB-A2 | C3: =COUNTIFS(Log!$A$2:$A$2001,">="&DATE(2026,7,1),Log!$A$2:$A$2001,"<"&DATE(2026,8,1),Log!$C$2:$C$2001,$B3) | D3: =SUMIFS(Log!$G$2:$G$2001,Log!$A$2:$A$2001,">="&DATE(2026,7,1),Log!$A$2:$A$2001,"<"&DATE(2026,8,1),Log!$C$2:$C$2001,$B3) | E3: =SUMIFS(Log!$H$2:$H$2001,Log!$A$2:$A$2001,">="&DATE(2026,7,1),Log!$A$2:$A$2001,"<"&DATE(2026,8,1),Log!$C$2:$C$2001,$B3) | F3: =SUMIFS(Log!$I$2:$I$2001,Log!$A$2:$A$2001,">="&DATE(2026,7,1),Log!$A$2:$A$2001,"<"&DATE(2026,8,1),Log!$C$2:$C$2001,$B3) | G3: =COUNTIFS(Log!$A$2:$A$2001,">="&DATE(2026,7,1),Log!$A$2:$A$2001,"<"&DATE(2026,8,1),Log!$C$2:$C$2001,$B3,Log!$K$2:$K$2001,"<>OK",Log!$K$2:$K$2001,"<>")
A4: 2026-07 | B4: PCB-B1 | C4: =COUNTIFS(Log!$A$2:$A$2001,">="&DATE(2026,7,1),Log!$A$2:$A$2001,"<"&DATE(2026,8,1),Log!$C$2:$C$2001,$B4) | D4: =SUMIFS(Log!$G$2:$G$2001,Log!$A$2:$A$2001,">="&DATE(2026,7,1),Log!$A$2:$A$2001,"<"&DATE(2026,8,1),Log!$C$2:$C$2001,$B4) | E4: =SUMIFS(Log!$H$2:$H$2001,Log!$A$2:$A$2001,">="&DATE(2026,7,1),Log!$A$2:$A$2001,"<"&DATE(2026,8,1),Log!$C$2:$C$2001,$B4) | F4: =SUMIFS(Log!$I$2:$I$2001,Log!$A$2:$A$2001,">="&DATE(2026,7,1),Log!$A$2:$A$2001,"<"&DATE(2026,8,1),Log!$C$2:$C$2001,$B4) | G4: =COUNTIFS(Log!$A$2:$A$2001,">="&DATE(2026,7,1),Log!$A$2:$A$2001,"<"&DATE(2026,8,1),Log!$C$2:$C$2001,$B4,Log!$K$2:$K$2001,"<>OK",Log!$K$2:$K$2001,"<>")
A5: 2026-07 | B5: PCB-B2 | C5: =COUNTIFS(Log!$A$2:$A$2001,">="&DATE(2026,7,1),Log!$A$2:$A$2001,"<"&DATE(2026,8,1),Log!$C$2:$C$2001,$B5) | D5: =SUMIFS(Log!$G$2:$G$2001,Log!$A$2:$A$2001,">="&DATE(2026,7,1),Log!$A$2:$A$2001,"<"&DATE(2026,8,1),Log!$C$2:$C$2001,$B5) | E5: =SUMIFS(Log!$H$2:$H$2001,Log!$A$2:$A$2001,">="&DATE(2026,7,1),Log!$A$2:$A$2001,"<"&DATE(2026,8,1),Log!$C$2:$C$2001,$B5) | F5: =SUMIFS(Log!$I$2:$I$2001,Log!$A$2:$A$2001,">="&DATE(2026,7,1),Log!$A$2:$A$2001,"<"&DATE(2026,8,1),Log!$C$2:$C$2001,$B5) | G5: =COUNTIFS(Log!$A$2:$A$2001,">="&DATE(2026,7,1),Log!$A$2:$A$2001,"<"&DATE(2026,8,1),Log!$C$2:$C$2001,$B5,Log!$K$2:$K$2001,"<>OK",Log!$K$2:$K$2001,"<>")
A6: 2026-08 | B6: PCB-A1 | C6: =COUNTIFS(Log!$A$2:$A$2001,">="&DATE(2026,8,1),Log!$A$2:$A$2001,"<"&DATE(2026,9,1),Log!$C$2:$C$2001,$B6) | D6: =SUMIFS(Log!$G$2:$G$2001,Log!$A$2:$A$2001,">="&DATE(2026,8,1),Log!$A$2:$A$2001,"<"&DATE(2026,9,1),Log!$C$2:$C$2001,$B6) | E6: =SUMIFS(Log!$H$2:$H$2001,Log!$A$2:$A$2001,">="&DATE(2026,8,1),Log!$A$2:$A$2001,"<"&DATE(2026,9,1),Log!$C$2:$C$2001,$B6) | F6: =SUMIFS(Log!$I$2:$I$2001,Log!$A$2:$A$2001,">="&DATE(2026,8,1),Log!$A$2:$A$2001,"<"&DATE(2026,9,1),Log!$C$2:$C$2001,$B6) | G6: =COUNTIFS(Log!$A$2:$A$2001,">="&DATE(2026,8,1),Log!$A$2:$A$2001,"<"&DATE(2026,9,1),Log!$C$2:$C$2001,$B6,Log!$K$2:$K$2001,"<>OK",Log!$K$2:$K$2001,"<>")
A7: 2026-08 | B7: PCB-A2 | C7: =COUNTIFS(Log!$A$2:$A$2001,">="&DATE(2026,8,1),Log!$A$2:$A$2001,"<"&DATE(2026,9,1),Log!$C$2:$C$2001,$B7) | D7: =SUMIFS(Log!$G$2:$G$2001,Log!$A$2:$A$2001,">="&DATE(2026,8,1),Log!$A$2:$A$2001,"<"&DATE(2026,9,1),Log!$C$2:$C$2001,$B7) | E7: =SUMIFS(Log!$H$2:$H$2001,Log!$A$2:$A$2001,">="&DATE(2026,8,1),Log!$A$2:$A$2001,"<"&DATE(2026,9,1),Log!$C$2:$C$2001,$B7) | F7: =SUMIFS(Log!$I$2:$I$2001,Log!$A$2:$A$2001,">="&DATE(2026,8,1),Log!$A$2:$A$2001,"<"&DATE(2026,9,1),Log!$C$2:$C$2001,$B7) | G7: =COUNTIFS(Log!$A$2:$A$2001,">="&DATE(2026,8,1),Log!$A$2:$A$2001,"<"&DATE(2026,9,1),Log!$C$2:$C$2001,$B7,Log!$K$2:$K$2001,"<>OK",Log!$K$2:$K$2001,"<>")
A8: 2026-08 | B8: PCB-B1 | C8: =COUNTIFS(Log!$A$2:$A$2001,">="&DATE(2026,8,1),Log!$A$2:$A$2001,"<"&DATE(2026,9,1),Log!$C$2:$C$2001,$B8) | D8: =SUMIFS(Log!$G$2:$G$2001,Log!$A$2:$A$2001,">="&DATE(2026,8,1),Log!$A$2:$A$2001,"<"&DATE(2026,9,1),Log!$C$2:$C$2001,$B8) | E8: =SUMIFS(Log!$H$2:$H$2001,Log!$A$2:$A$2001,">="&DATE(2026,8,1),Log!$A$2:$A$2001,"<"&DATE(2026,9,1),Log!$C$2:$C$2001,$B8) | F8: =SUMIFS(Log!$I$2:$I$2001,Log!$A$2:$A$2001,">="&DATE(2026,8,1),Log!$A$2:$A$2001,"<"&DATE(2026,9,1),Log!$C$2:$C$2001,$B8) | G8: =COUNTIFS(Log!$A$2:$A$2001,">="&DATE(2026,8,1),Log!$A$2:$A$2001,"<"&DATE(2026,9,1),Log!$C$2:$C$2001,$B8,Log!$K$2:$K$2001,"<>OK",Log!$K$2:$K$2001,"<>")
A9: 2026-08 | B9: PCB-B2 | C9: =COUNTIFS(Log!$A$2:$A$2001,">="&DATE(2026,8,1),Log!$A$2:$A$2001,"<"&DATE(2026,9,1),Log!$C$2:$C$2001,$B9) | D9: =SUMIFS(Log!$G$2:$G$2001,Log!$A$2:$A$2001,">="&DATE(2026,8,1),Log!$A$2:$A$2001,"<"&DATE(2026,9,1),Log!$C$2:$C$2001,$B9) | E9: =SUMIFS(Log!$H$2:$H$2001,Log!$A$2:$A$2001,">="&DATE(2026,8,1),Log!$A$2:$A$2001,"<"&DATE(2026,9,1),Log!$C$2:$C$2001,$B9) | F9: =SUMIFS(Log!$I$2:$I$2001,Log!$A$2:$A$2001,">="&DATE(2026,8,1),Log!$A$2:$A$2001,"<"&DATE(2026,9,1),Log!$C$2:$C$2001,$B9) | G9: =COUNTIFS(Log!$A$2:$A$2001,">="&DATE(2026,8,1),Log!$A$2:$A$2001,"<"&DATE(2026,9,1),Log!$C$2:$C$2001,$B9,Log!$K$2:$K$2001,"<>OK",Log!$K$2:$K$2001,"<>")
A10: 2026-09 | B10: PCB-A1 | C10: =COUNTIFS(Log!$A$2:$A$2001,">="&DATE(2026,9,1),Log!$A$2:$A$2001,"<"&DATE(2026,10,1),Log!$C$2:$C$2001,$B10) | D10: =SUMIFS(Log!$G$2:$G$2001,Log!$A$2:$A$2001,">="&DATE(2026,9,1),Log!$A$2:$A$2001,"<"&DATE(2026,10,1),Log!$C$2:$C$2001,$B10) | E10: =SUMIFS(Log!$H$2:$H$2001,Log!$A$2:$A$2001,">="&DATE(2026,9,1),Log!$A$2:$A$2001,"<"&DATE(2026,10,1),Log!$C$2:$C$2001,$B10) | F10: =SUMIFS(Log!$I$2:$I$2001,Log!$A$2:$A$2001,">="&DATE(2026,9,1),Log!$A$2:$A$2001,"<"&DATE(2026,10,1),Log!$C$2:$C$2001,$B10) | G10: =COUNTIFS(Log!$A$2:$A$2001,">="&DATE(2026,9,1),Log!$A$2:$A$2001,"<"&DATE(2026,10,1),Log!$C$2:$C$2001,$B10,Log!$K$2:$K$2001,"<>OK",Log!$K$2:$K$2001,"<>")
A11: 2026-09 | B11: PCB-A2 | C11: =COUNTIFS(Log!$A$2:$A$2001,">="&DATE(2026,9,1),Log!$A$2:$A$2001,"<"&DATE(2026,10,1),Log!$C$2:$C$2001,$B11) | D11: =SUMIFS(Log!$G$2:$G$2001,Log!$A$2:$A$2001,">="&DATE(2026,9,1),Log!$A$2:$A$2001,"<"&DATE(2026,10,1),Log!$C$2:$C$2001,$B11) | E11: =SUMIFS(Log!$H$2:$H$2001,Log!$A$2:$A$2001,">="&DATE(2026,9,1),Log!$A$2:$A$2001,"<"&DATE(2026,10,1),Log!$C$2:$C$2001,$B11) | F11: =SUMIFS(Log!$I$2:$I$2001,Log!$A$2:$A$2001,">="&DATE(2026,9,1),Log!$A$2:$A$2001,"<"&DATE(2026,10,1),Log!$C$2:$C$2001,$B11) | G11: =COUNTIFS(Log!$A$2:$A$2001,">="&DATE(2026,9,1),Log!$A$2:$A$2001,"<"&DATE(2026,10,1),Log!$C$2:$C$2001,$B11,Log!$K$2:$K$2001,"<>OK",Log!$K$2:$K$2001,"<>")
A12: 2026-09 | B12: PCB-B1 | C12: =COUNTIFS(Log!$A$2:$A$2001,">="&DATE(2026,9,1),Log!$A$2:$A$2001,"<"&DATE(2026,10,1),Log!$C$2:$C$2001,$B12) | D12: =SUMIFS(Log!$G$2:$G$2001,Log!$A$2:$A$2001,">="&DATE(2026,9,1),Log!$A$2:$A$2001,"<"&DATE(2026,10,1),Log!$C$2:$C$2001,$B12) | E12: =SUMIFS(Log!$H$2:$H$2001,Log!$A$2:$A$2001,">="&DATE(2026,9,1),Log!$A$2:$A$2001,"<"&DATE(2026,10,1),Log!$C$2:$C$2001,$B12) | F12: =SUMIFS(Log!$I$2:$I$2001,Log!$A$2:$A$2001,">="&DATE(2026,9,1),Log!$A$2:$A$2001,"<"&DATE(2026,10,1),Log!$C$2:$C$2001,$B12) | G12: =COUNTIFS(Log!$A$2:$A$2001,">="&DATE(2026,9,1),Log!$A$2:$A$2001,"<"&DATE(2026,10,1),Log!$C$2:$C$2001,$B12,Log!$K$2:$K$2001,"<>OK",Log!$K$2:$K$2001,"<>")
A13: 2026-09 | B13: PCB-B2 | C13: =COUNTIFS(Log!$A$2:$A$2001,">="&DATE(2026,9,1),Log!$A$2:$A$2001,"<"&DATE(2026,10,1),Log!$C$2:$C$2001,$B13) | D13: =SUMIFS(Log!$G$2:$G$2001,Log!$A$2:$A$2001,">="&DATE(2026,9,1),Log!$A$2:$A$2001,"<"&DATE(2026,10,1),Log!$C$2:$C$2001,$B13) | E13: =SUMIFS(Log!$H$2:$H$2001,Log!$A$2:$A$2001,">="&DATE(2026,9,1),Log!$A$2:$A$2001,"<"&DATE(2026,10,1),Log!$C$2:$C$2001,$B13) | F13: =SUMIFS(Log!$I$2:$I$2001,Log!$A$2:$A$2001,">="&DATE(2026,9,1),Log!$A$2:$A$2001,"<"&DATE(2026,10,1),Log!$C$2:$C$2001,$B13) | G13: =COUNTIFS(Log!$A$2:$A$2001,">="&DATE(2026,9,1),Log!$A$2:$A$2001,"<"&DATE(2026,10,1),Log!$C$2:$C$2001,$B13,Log!$K$2:$K$2001,"<>OK",Log!$K$2:$K$2001,"<>")
